{
  "name": "aos",
  "version": "2.3.4",
  "homepage": "git://github.com/michalsnik/aos.git",
  "authors": [
    "Michał Sajnóg <michal.sajnog@hotmail.com>"
  ],
  "main": [
    "dist/aos.js",
    "dist/aos.css"
  ],
  "moduleType": [
    "amd",
    "globals",
    "node",
    "es6"
  ],
  "keywords": [
    "scroll",
    "css3",
    "transition",
    "transform",
    "mousewheel",
    "smooth",
    "wow",
    "animate"
  ],
  "license": "MIT",
  "ignore": [
    "**/.*",
    "node_modules",
    "bower_components",
    "test",
    "tests",
    ".gitignore",
    "gulpfile.js",
    "package.json"
  ],
  "dependencies": {},
  "_release": "2.3.4",
  "_resolution": {
    "type": "version",
    "tag": "v2.3.4",
    "commit": "1c7043c10a777d0ddcd2abfd08187619ac555353"
  },
  "_source": "https://github.com/michalsnik/aos.git",
  "_target": "^2.3.4",
  "_originalSource": "aos",
  "_direct": true
}